id,trump
783461358436089856,1
783459936361512960,1
783455640643514368,1
783452759462850560,0
783391423663964160,0
783390310969651200,0
783129603363659776,0
783059449128759296,0
782946021957599232,0
782728287718150144,1
782701472685420544,0
782698760514207744,0
782544407593619457,1
782541307168391168,1
782331741369462784,1
782330717539803136,1
782321125984436224,1
782313153308884992,1
782264189574377472,0
781949464152006657,0
781947646319665152,0
781926033159249920,1
781861632167256064,0
781838706030313472,1
781788223055994880,1
781785509639118848,1
781784161044553728,1
781755469488615424,1
781678954570735616,1
781573427417128960,0
781555624446418944,0
781325613189754880,0
781282739026735105,0
781280866634964992,0
781183298110230528,0
781166581963296768,0
781111479974199296,1
780954455504199680,0
780876760086880256,0
780863218646474757,0
780861171238834176,0
780859319319400448,0
780826236213927937,1
780813996739981316,0
780783037743267840,0
780781898071207940,0
780781327050235905,0
780766220618436608,0
780758306239512577,0
780757611914391552,0
780752731418009600,0
780752274020761601,1
780719876335894528,1
780642262921441280,0
780637633890451456,1
780626558176333824,1
780618680338178048,0
780617562476441601,0
780597941979480064,0
780596871102201856,0
780594918616162304,0
780593298247483392,0
780592744355893248,0
780585742850555904,0
780581933176778752,0
780581215820591104,0
780580825234415616,0
780579923295600640,0
780578636294459392,0
780577426657120258,0
780569413321789440,0
780535389853458432,0
780213717082529792,1
780199873979219968,1
780108403326775297,0
780034352604405760,1
780030282854432768,1
780021651962462208,1
779729180334387200,0
779660413000617985,1
779503099492831233,1
779372844513947648,0
779140534753435648,0
779127602988650498,0
778968533749338112,0
778912230633005056,1
778760237629210624,1
778758058394738689,1
778585375174451200,0
778584630396129281,0
778238281196662784,0
778237787355111424,0
778237485402980352,0
778229963216519168,0
778229686769967104,0
778202693215068161,1
778027605572329472,0
778025630956912640,0
778024608733749249,0
777913567676866560,0
777910435425226753,0
777908242538196992,0
777825186758418432,1
777696726933180416,0
777696356211326976,0
777616135856545792,0
777494113834917888,1
777284744253812740,1
777281927841587200,1
777280259875975169,1
777260548991819776,1
777197786039103488,0
777197604887113728,0
777133433915002880,1
777112789672341504,1
777022559367770112,1
777015676586172417,0
777004964409335808,0
776998082936315904,0
776952133358751744,1
776888753499561984,0
776842647294009344,0
776773380414537728,1
776624517087133696,0
776552722195705857,0
776551473475887104,0
776528966668652544,0
776468635955130368,0
776445262420123648,0
776432922450616320,0
776428916303138816,0
776372090068955136,1
776269061823074304,1
776254365627719680,0
776247579600453632,0
776223340595937280,0
776213027989426176,0
776169656080039936,0
776160185337413632,0
776101877805158400,0
776058538137452548,0
776053900780695553,0
775897251533160448,1
775894243143483392,1
775888611615080448,0
775888025213599744,0
775887550506536960,0
775883010508029953,0
775818716596477952,0
775781315081740289,0
775710725926952961,0
775683959061708800,0
775534440240013312,0
775492989175160836,1
775361266001084416,0
775293160838819841,1
775275158340853760,1
775024731883991040,0
774778026479513600,1
774753598970466304,1
774673449885192192,1
774637168769830912,1
774590070355529728,1
774589019929866240,1
774491376906100736,1
774487060384276480,1
774484342030602240,1
774435151975747584,0
774399833733947393,0
774386793038778368,0
774385288948817920,0
774354404162039808,0
774299479155544064,1
774256782290128896,1
774255510191239170,1
774097705513517057,1
774064919633428480,0
774044548293074944,0
774033670239760384,0
773972305642913792,0
773948271140016128,0
773920230192054272,0
773903163296473088,1
773836389943246848,1
773834064465920000,1
773833021837438977,1
773823089331277824,0
773733162245582849,1
773643843476611072,0
773617820944961536,0
773584728276475905,0
773539317377478657,0
773330142785630208,0
773318106630463488,0
773281879848062976,0
773250022045548544,0
773218706084290565,0
773206341296979972,0
773140953133641729,0
773140702972801024,0
773116580733587456,1
773113752271060992,1
772928797419143168,0
772863407620034560,0
772840545668493312,0
772798809508372480,0
772797202922082304,0
772793658072559616,0
772582467601588224,1
772576650718482432,1
772574369633763329,1
772571293438840832,1
772556213313765377,1
772465330740404225,1
772417922279043073,1
772171469476552704,1
772170704687099904,1
772166085974130697,0
772123965938597888,0
772036179420127232,0
771854023544549377,0
771753541698523136,0
771688054344089601,1
771687247951298560,1
771686352438042624,1
771481226578460672,0
771393537900503040,0
771352519457005568,0
771298236376178688,1
771296597963661312,1
771294347501461504,1
771212757517557760,0
771212706275741696,0
771210697552166913,0
771210555822477313,0
771150050940497920,0
771146302134423552,1
771145576381427712,0
770971306766381056,1
770832664303587328,0
770811688966770689,0
770771735092142080,0
770724546454417408,0
770568584443539456,1
770417590351040513,0
770414693869649921,0
770401822121005056,0
770381482229657602,0
770330631783972868,0
770253550639251456,1
770252177512230912,1
770250409843777536,1
770247094439469058,1
770245313345052673,1
770040258796855296,1
770039317142069248,1
770021252002119680,0
769898524439896064,0
769897797319532544,0
769724556949020672,0
769718184836472832,0
769647461459632128,0
769607369869266944,0
769592508879892480,0
769571710924263424,0
769539271678013440,1
769331841316687873,0
769323472048623616,0
769322071297888257,0
769311305480024065,0
769308316350623744,0
769254655939321857,0
769221405820923905,1
769203012250112006,1
769185155198124032,1
769177810678067200,1
769170204941164544,1
769143845892136960,0
769002724218118144,0
769001435484688384,1
768922208987127808,0
768912241349517312,0
768904362211086336,0
768903697166368769,0
768791265811062788,1
768788761635356672,1
768624405777944576,0
768623966713999360,0
768600125413273600,0
768578478266458113,0
768561716149915648,0
768499164967739392,0
768488555828183040,0
768467755339223040,0
768448216744488960,0
768280756682690562,0
768239855310471168,0
768196613680398336,0
768125054584393729,0
768119463421943808,0
768097204376510464,1
768083669550366720,1
768069472464666624,1
767889674530594816,0
767888297125355521,0
767870642716831744,1
767830376735735808,0
767706807619969025,0
767700760113086465,1
767685048703279104,1
767683204039974912,1
767528750749810688,1
767520065608613888,1
767505383430782976,1
767150340726779904,0
767135128950898689,0
767134774687330304,1
767133459148054528,1
767052374934421506,0
766805485466988544,0
766801978085117952,0
766791143291916288,0
766760721115938816,0
766629517083414528,0
766627569110249472,0
766616610975182848,0
766616361720246272,0
766585563805802497,0
766437671652556800,0
766432970441945088,0
766378021355921408,0
766246213079498752,1
766082563064623105,1
766038151206936576,0
766028026987491328,0
766002945485864961,0
765955844055760896,0
765953073072058368,0
765950471160954884,0
765902170084483073,0
765769891278381056,0
765765603743391744,0
765726909925851136,0
765688915932045313,0
765679267086684161,0
765629939811020802,0
765623972234948608,0
765284051938926592,0
765269114973720576,0
764998650598686721,1
764974286931169285,1
764870785634799617,1
764867963845484545,1
764866887511572480,1
764805340823248896,1
764803159692836864,1
764801590415024128,1
764799933325144064,1
764552764177481728,1
764531827168186369,1
764529295901528064,1
764254551822196737,0
764186768522420224,0
764153606765412352,0
764084294704697344,1
764064821000056832,1
764055793951834114,1
764045345332396032,1
763857902490836992,0
763740672012738561,0
763558559833591809,0
763557327295438848,0
763519861406531584,0
763516489865523200,0
763481802254249984,0
763477408909500416,0
763474491183816704,0
763433452893011969,0
763430568721784833,0
763398630812311552,0
763391459110313984,1
763198483927011329,0
763180978588221440,1
763167671974232064,0
763167345405784064,0
763119571309998083,0
762981606755856384,1
762974889275953152,1
762842126900015105,1
762790167732035585,0
762781826549030912,0
762781418778791936,0
762777166476025856,0
762776440681095169,0
762775525756514304,0
762774321580367872,0
762773468479889409,0
762771974657495041,0
762669882571980801,1
762641595439190016,0
762439658911338496,0
762425371874557952,1
762400869858115588,1
762284533341417472,1
762110918721310721,0
762106904436961280,0
762104411707568128,1
762016426102296576,0
761988164382756864,1
761936929902452740,1
761931010548305920,1
761892829434183684,1
761773576101953536,0
761754898602061824,0
761711856457125888,0
761693803120041986,0
761653875413618689,0
761549461893984256,0
761511930238496772,1
761386080272875520,0
761386025323225088,0
761385812390977536,0
761385317169496064,0
761331433810132992,0
761281473492189184,0
761279538106097664,0
761219396635361280,0
761025834350018561,0
760976212068106240,0
760960985524043777,0
760957697579708416,0
760783130978648064,1
760765818917515264,1
760669268539301889,1
760594155835887616,0
760552601356267520,1
760538951581130754,0
760535661699035136,0
760532443061420033,0
760519847461658624,0
760420894271471620,0
760299757206208512,0
760293742381244416,0
760287440435187712,0
760255085561597952,0
760249495754006528,0
760246732152311808,0
760245342231158785,0
760229355784138752,0
760214225830772737,0
760213628926779392,0
760185303483187201,0
760185067054465024,0
760184664468418560,0
760184336603811842,0
760184176591208448,0
760184028293173248,0
760126146830794753,0
760125021280960512,0
760098514319835136,1
760095370185674752,1
760074526059270144,1
760070280932982784,1
759915863600304128,1
759843323909668865,1
759743648573435905,1
759734698415312897,1
759592590106849280,1
759524001613918208,1
759516008272932864,1
759515080010719232,0
759513644258525184,1
759512042906587137,1
759509936002957314,1
759507812963737600,0
759506712516784128,1
759479059046883328,1
759477522232901632,1
759457253925785604,0
759450265208651776,0
759450053379579905,0
759425642723246084,1
759393092554424320,0
759389559385952257,0
759381869267980288,0
759372422692954112,0
759371648764108801,0
759371377002553344,0
759227755494072320,0
759222916387069952,0
759192213234393088,0
759191265988653056,0
759185456818860032,0
759152897602916352,0
759093740497764353,0
759088844683608064,0
759084522705068032,0
759082026687352834,1
759071976182861824,1
759070976181084160,0
759070106546638849,1
759064533814038528,0
759029315006705664,1
759027356434518016,1
759024055123009536,1
759021886055387136,1
759017481633542145,0
759013928315686917,0
759013889761697794,1
759008377577967616,1
759005597899436032,1
758874457142284288,0
758873961425805312,0
758873275044798464,0
758872873234681860,0
758872422028148740,0
758871653547806724,0
758851150175055874,0
758802697763958784,0
758771144140820481,0
758768028595032064,0
758761945910669312,0
758761521317023744,0
758732782348623874,0
758492727583576064,0
758491947409481728,0
758452289376022529,0
758422125254471680,0
758421383063961604,0
758380358874247168,0
758350470402408449,0
758335147183788032,0
758331893809090560,0
758286077400580096,1
758285141982711808,1
758242674646323200,1
758240929564258305,1
758238226180083712,1
758236300554174465,1
758233935230959617,1
758135085820416000,0
758122684798607360,1
758121939365982208,1
758120321845235712,1
758117640200187905,1
758071952498159616,1
758071264128806912,1
758026136299397120,0
758021060503756804,0
758020997383684096,0
758004154417553409,0
757997327269306369,0
757994830110658560,0
757919034755076096,1
757918002339778560,1
757916962269704192,1
757777369272815617,1
757775689525309440,1
757773671545044992,0
757760973419712512,0
757696233427312640,1
757693383481626624,1
757690343181737984,0
757690132111777792,0
757688331597668353,0
757687988189065216,0
757650904896139264,0
757618048664829952,0
757577508346888192,1
757576490213146624,1
757573051215147008,1
757571837463240704,1
757565892146454532,1
757552876348645377,1
757552713873891328,0
757546442240167936,1
757545252026712064,1
757538729170964481,1
757364534873128960,1
757361504895246336,1
757343025983057922,1
757338816487235584,1
757336511436075008,1
757335224397225984,1
757332905047752704,1
757315800466272256,1
757311921095925760,1
757309616254545920,0
757206444148158464,1
757205678821928960,1
757191160481873920,1
757187537681154048,1
757182723089895424,1
757174767547977728,1
757172536882913280,1
757012114460569604,0
756973646216884225,1
756962332228612096,0
756952917152784384,1
756883131685273605,1
756875689924694016,1
756866912848584704,1
756864330054893568,1
756804886038192128,1
756801575193042944,1
756799923648102400,1
756798838900396032,1
756697615509688320,1
756691116464959488,1
756625700539465728,1
756490485116575744,1
756477153986895872,1
756475847004057601,1
756355884956127232,0
756338260230623232,0
756308357804335106,0
756216362784161792,0
756171983407243264,0
756140881862766594,0
756138994728071168,1
756129793054220288,1
756105919470116864,1
755983654728245248,0
755975695940001792,0
755974701172817920,1
755973944054681600,1
755972980069376000,0
755972015249645568,1
755954295728541696,0
755944618802286592,0
755936439993589761,1
755932444310724608,0
755927861878460417,0
755912497643806720,0
755836720197795840,1
755810077307727872,0
755788382618390529,0
755787159735570432,0
755747074939949056,1
755746062204280833,1
755708398537154560,1
755551039244341253,1
755525857456844800,1
755502053003190273,0
755486029742641152,0
755254384062263296,0
755195907658883072,0
755176368783187969,0
755143081666744320,1
755142098190475265,1
755091783013507072,0
755087399286411266,0
754789482621243392,1
754788362368741376,1
754747397700485120,1
754744188856565760,1
754730058913308673,0
754664207799451648,1
754662980164386816,1
754652888752910336,1
754650547932758016,1
754648419151511552,1
754645662357159936,1
754530838386208768,1
754530019200884737,1
754520788917780482,1
754514805264973824,1
754348235951661056,0
754305404302139392,1
754304371186405376,1
754303051389861888,1
754301737431928832,1
754291925616852992,1
754136526087487488,1
753965070003109888,1
753962659293396992,1
753960134422900736,1
753750790590828544,0
753728269019549696,1
753720863606775809,1
753641197588152320,0
753603401854881793,0
753580257895211008,0
753398572515725312,0
753355507721646080,0
753355262363181056,0
753354905897668608,0
753354233311731712,0
753353898472017920,0
753353259411054592,0
753351063407767554,0
753349911983235072,0
753349629870084096,0
753347448743964672,0
753338900647665664,0
753209883202351104,0
753205648154767360,0
753090242203283457,1
753063644578144260,0
752990888171831296,0
752985826993332224,0
752973319675273218,0
752911479251296258,0
752911332756840448,0
752910855939952640,0
752906803810279424,0
752860045084241920,1
752859250628648962,1
752849315094298624,0
752848856317059073,0
752834632907943936,1
752686998826131456,0
752667913820209152,0
752628125389955073,0
752618593196597248,0
752591157641744384,0
752471941416620033,0
752215352122208256,1
752211419634933760,1
752207752852832256,1
752110630031749120,1
751889266934964224,0
751797800690708480,1
751558217075945476,0
751529041988116485,0
751423658627829760,0
751405672877744128,0
751370918027489280,1
751232353129955328,1
751146264956395521,0
751145333107879936,0
751145002147966976,0
751115433273688064,1
751016366925344768,0
750865499660091393,0
750811268219543552,0
750714064574218245,0
750692436687585280,1
750691056551878656,1
750681915565477888,1
750678866532990977,1
750677864379453440,1
750668480559607808,1
750663349025767424,0
750650894040064000,1
750648675186147328,1
750548959240843265,1
750547338817638401,1
750545570293506048,1
750514941753434113,0
750492628362334208,0
750397898861445120,0
750353319084843008,1
750352884106223616,1
750299631792291840,1
750286846534582272,1
750101826821877760,1
750094399456026624,1
749989709275885568,1
749987869452828672,1
749972298086645760,1
749970824766091264,1
749968796618817538,1
749965127278034944,1
749961528422625281,1
749959090210832386,0
749935837748596736,1
749934450868387840,1
749929565661884417,1
749721116911034368,1
749720224220475393,1
749718947973529600,1
749706242579247105,1
749699315367612416,1
749698321074180096,1
749659173353299968,1
749350193095667713,1
749341789102960640,1
749264697233383424,0
749264383990194176,0
749262206672445441,0
749261242137710592,0
749261175968436224,0
749240145442922496,0
749237508916056064,0
749209816732672000,1
749208070505586688,1
749052325130534912,0
749049896431415296,1
748966167549603840,0
748926103931150336,0
748920081942327296,0
748906952713875456,0
748871858553024512,0
748869825208913921,0
748851849185243136,1
748851673313873920,1
748851569190318080,1
748712661764804608,0
748647669707350016,0
748599711792234496,1
748599572230975492,1
748599438034206720,1
748599094252273664,0
748590222988947457,0
748569874042064900,0
748528593634992128,0
748345210372038656,1
748343042994733056,0
748289375801323520,0
748219891577131010,1
748166232298381312,0
748163921383723008,0
748163517455413248,0
748142709932756992,1
748141420528140288,1
747986907162877952,1
747900114363092992,0
747899586593890309,0
747888354126069761,1
747874856130183168,0
747424042181791744,1
747418754255052802,1
747415955400196096,1
747206160806219776,1
747194865633595392,0
747191624535511040,1
747190075344162817,1
747178078682644480,1
747105049352888320,0
747102432862273536,1
747098691492786176,1
747030708678430720,1
747029963702996992,1
747027629652443136,1
746908869134262272,1
746895785338544128,1
746895602798178304,1
746895252884164608,0
746895065591783424,0
746734772928528384,0
746721493061632000,0
746718385828859904,0
746674420605980672,1
746560976921706500,0
746458701565988864,1
746456564337344512,1
746453765935366144,1
746415333741756418,0
746414797416243200,0
746289768707698688,0
746289394231828480,0
746273889160957952,1
746273866322829312,0
746272130992644096,1
746145338608713728,1
746144027616120833,1
746094507201077248,0
746072493950107650,0
746063926597672960,0
746057926800977920,0
746047705709961216,0
746042076211593216,0
746026900502487040,0
745969778267926532,0
745967990236143616,1
745733029289615361,0
745693121095303168,0
745693029089034240,0
745455382882033664,1
745356618125152256,0
745305119256875008,1
745304731346702336,0
745304333483393024,1
745299161130635264,1
745296338758270976,0
745295914076672001,1
745294739092684800,0
745294375584956416,0
745260520282951681,0
745204320593940480,1
744838252369043456,1
744701872456536064,1
744364393962569728,0
744363535635996672,1
744355251365511169,0
744341058109247488,0
744336626411700227,0
744260469431513088,0
744253170218524672,0
744225952465489920,0
744218749822083072,0
743997751734657024,0
743955609851068417,0
743955253226135552,0
743954307351908354,0
743947386720923648,0
743914866063212544,0
743852552257626112,0
743766155093934080,1
743765281898536960,1
743761349910487043,0
743628318402961408,0
743543327467810817,0
743522630230228993,0
743486962670141440,0
743485792585146368,0
743213971122044928,1
743192668017205249,0
743184492907610112,0
743172421654568960,0
743078235408195584,1
743076652662431744,1
743075154507489280,0
742909628338601985,0
742785878679007232,0
742781133197299712,0
742771576039460864,0
742695148241313792,1
742694780933656576,1
742512112614944768,0
742470476824477696,0
742469778560929793,0
742464168482201602,0
742456254837215232,0
742455297059475456,0
742437914731286530,0
742418415047090176,0
742373042140123137,1
742371820867878913,0
742370798850199552,1
742096033207844864,1
742066996767031296,1
742053354189299712,1
742034549232766976,1
742019961946791939,0
741988371174699009,1
741965111968075776,1
741774067368402945,1
741760911044685824,0
741760896775663616,0
741754548004458496,0
741744918205501441,0
741744258655387648,0
741696814194274304,1
741645740884303872,0
741600981251657728,1
741590381503086592,1
741487809576439811,0
741380579313098752,0
741369263525662721,0
741351028273086464,0
741311272818475008,0
741301954324910080,0
741297855168716801,1
741286391200505857,1
741257031722622976,0
741240449906663424,1
741094899664093184,0
741015811960229893,0
741007091947556864,0
740988538464948224,0
740883494117728256,1
740879092141182976,1
740721589709328385,1
740708673694076928,1
740641413335908352,0
740515952454959104,1
740511746503364608,1
740392765662629888,0
740387780719747072,0
740385872089120768,0
740383281603039232,0
740380953722421249,0
740343009074634752,1
740330660372619265,0
740313748825505792,0
740005642228862981,1
739998110915678208,1
739934090690998272,0
739857123329335298,0
739826625546752000,0
739816997345755136,1
739814823689605120,1
739810044150190080,1
739807883521630208,1
739803054476775424,1
739779845572448256,1
739581318699352066,1
739576535561162752,1
739571700392722432,1
739206145072594944,0
739082885857173505,1
739082059348619264,1
739080401747120128,1
738950669927886848,0
738858013419835392,0
738809335841595392,0
738808292550397953,0
738720347239809024,1
738718346045063168,1
738712803775631361,1
738711092252155904,1
738576654176387072,0
738576553508929536,0
738576209726955524,0
738575853261574144,0
738575670771486721,0
738539023669465094,0
738494609597157376,1
738478522813972480,1
738449664752553984,1
738448988517453824,1
738416510092357632,1
738415541203832832,1
738413456118841345,1
738412068181676032,1
738409191526662144,0
738407796606013444,1
738399082813620224,1
738387288372051969,1
738385522301624323,1
738233323344920576,0
738163472865759232,1
738132164399636480,1
738109521952833536,0
737996614573260800,1
737785345459113985,0
737785114239864832,1
737784398515441664,1
737778668785766404,0
737753549564694528,0
737689416811073536,1
737688582849171456,1
737610159459991552,1
737596690257969152,0
737402123453878272,1
737399475509985280,1
737376803514286081,0
737376356795875330,1
737243856144629760,1
737238518775320576,1
737237313034563585,1
737232540436664320,1
737056428452630528,1
737055532960223233,1
737054226833149952,1
737036608915034112,1
736961734167146496,0
736875933999697920,1
736672123012427776,1
736671884247478272,1
736655485814857728,1
736655448993107968,1
736655375911530498,0
736569533738156036,1
736554410361409536,1
736441853097218048,0
736410143378792448,0
736388616214220801,0
736381305785581568,0
736336185086222336,0
736336010808688640,0
736249593352966144,0
736197797314101248,0
736016335197458434,1
735968169001684992,0
735959405565378560,0
735946241322799105,0
735945699834007552,0
735942401165033477,1
735908158330130432,0
735871869581205504,0
735822406514675712,1
735611127531347969,0
735541674793783297,0
735465352436408320,1
735459144287719425,1
735448311914602496,1
735444721716199424,1
735344013499326465,1
735337786757238785,0
735311006826700800,0
735267499269226496,0
735267332927279107,1
735213812484345857,0
735125552064024577,0
735124106476195841,0
735117032060899328,0
735073508124983298,1
735058192862969856,1
734939680278519809,1
734938503541325825,1
734936659851128832,1
734903156589645824,0
734892328637325312,0
734768900282454016,0
734742416494845952,1
734517899960934400,0
734485185148944384,1
734482099793711104,1
734470625767620609,0
734468142303305728,1
734395329588670465,1
734365143635759104,1
734231223002894337,1
734114828529307648,0
734066896794963968,1
734066397425307648,0
734053246734499840,1
734003305819570176,1
733974704445358080,1
733838909805887488,1
733837704312410112,1
733820785157132288,1
733803565060345856,1
733791992564617216,0
733778244076507136,0
733750845280522242,0
733691591198703616,1
733691067829215232,0
733682878278696960,0
733677446235623425,0
733666112563519489,0
733604767612710912,1
733600358501625857,1
733597831261499392,1
733594906447372292,1
733593259423862785,1
733380950059581440,0
733348895615528960,1
733242745385537536,1
733128160603168768,1
733113480207798272,1
733073344661061632,0
732990965426888705,0
732988705531650048,0
732973805354819586,1
732893573365010432,1
732788306237345794,1
732773906889736192,1
732771469281927169,0
732762160842039296,1
732751047022628865,1
732749934903087104,1
732738568725094402,1
732736781351849989,0
732735764585406465,0
732719796077383680,1
732717975090909185,1
732716604027502592,1
732681922644725760,0
732576889538260992,1
732575682367258624,1
732570904094347265,0
732549197539446784,1
732540713678819328,1
732539159659859968,0
732537744195522560,1
732535400498143232,1
732533409285865473,1
732421072037892101,1
732417001965137920,1
732333772587302912,1
732333025325928448,1
732327433957953537,0
732274340188852224,0
732230384071680001,1
732200012457906176,1
732197065820913668,1
732196260636151808,1
732163930236260352,1
732148805118885889,1
732033604709191680,0
732019210185003009,1
731959001143988229,0
731928825500717057,1
731924988060651520,1
731923681522397184,1
731809410578808832,1
731804642368212992,1
731800205188796419,1
731798661580111872,0
731503361774768129,1
731501778873749505,0
731288678451019776,1
731220438530052096,0
730948897435176961,1
730840541248819203,0
730823012463742976,0
730500562022760448,1
730477118786801669,1
730474838012366849,0
730453302287142913,0
730401662574182405,1
730343346204508160,1
730342411835195393,1
730201866416607233,0
730187041825120257,0
730089913778065408,0
730083435147055104,0
730069558132932609,0
730059920280793088,0
730054891897536514,0
730054583700078592,0
730035627945775104,1
730034041760690176,1
730018836808933376,1
729997397884047360,0
729981270328000512,0
729979461404340224,0
729775453704179713,0
729722941521469442,1
729717317467246592,1
729717006749052928,1
729691263092543488,0
729690751781748736,0
729635334116544512,0
729621735717351424,1
729618676748570625,0
729613336191586304,1
729605529417465856,0
729604845716516864,1
729492093522067456,0
729404337164783617,1
729332727665790976,1
729301847031349250,0
729301192325668864,0
729291290848956416,0
729121112148353025,0
729004564075012096,1
728976091428233216,1
728974420807581696,1
728971726533578753,0
728777599560892416,1
728777556804153346,1
728740257512992768,1
728739851823153152,0
728725020109877248,1
728691238166220801,0
728651908563517440,0
728646402985869312,1
728617415332999171,0
728564631313190912,1
728557074163060736,1
728531431824166912,1
728529524468682754,1
728528466765844480,1
728423832848044032,0
728403179214376960,0
728365792077742080,0
728297587418247168,0
728292625850208256,0
728230182981611520,0
727898352965259268,0
727803179816062976,0
727802350061158400,0
727801034551087104,0
727796025247846400,1
727791165341356032,1
727709529358671873,1
727643544190636034,1
727637487871479808,0
727636035149139968,1
727634574298255361,1
727565652253392897,0
727540765765828609,0
727521055728885761,0
727518466891239424,0
727503555083558912,0
727458676211113984,0
727319608663875585,0
727262413968519168,0
727255495996788743,0
727253907567726592,0
727252046286450689,0
727225626575421440,0
727169840776118272,0
727142563010891776,0
727137190967435265,1
727095549703364608,1
727093442325680128,1
727085972278677504,0
726918444931776512,0
726886687276699648,0
726886198027935745,0
726865339947073536,0
726810772555350016,0
726806071210303488,0
726800215718645760,1
726773001430163456,0
726609734653104129,0
726555060306595841,0
726514136838975494,0
726461507601612800,1
726403534380478464,1
726246693759496192,0
726115856053211136,1
726079789182808065,0
726045073775828992,1
726008645473824768,1
725903475133947904,0
725899554273423360,0
725847301172776960,0
725824909151199232,0
725817204743217152,0
725796339255267328,0
725722027173249024,0
725677423195512833,1
725659482819297280,0
725648706385633280,1
725637460504510464,1
725636069010579457,1
725532457756405760,0
725524257883697152,0
725502314736422918,0
725501700933586946,0
725448150547349504,0
725419855265026048,0
725396879723384832,0
725392976525037570,0
725380639269228544,0
725380064272105472,0
725378591567941632,0
725377800954220545,0
725128021473132546,0
725119398881665026,0
725116992907259904,0
725115824206450688,0
725114320993017858,0
725050631250173952,0
725024710086524929,0
725024671293423616,0
725022988026925058,0
725022546328969216,0
725022169806327808,0
724996031033806849,0
724954532522917888,0
724942956306771968,0
724911563405189121,1
724778089830580224,0
724772013219405824,0
724722427297673217,0
724721256969441280,0
724718355102478336,0
724633177692725254,0
724633058398375936,0
724568416338759680,1
724567219062059008,1
724445148910915584,1
724442801933565952,1
724409389570994176,1
724236857777762304,0
724236172181049344,0
724055614498955265,1
724052308661772288,1
724050713953861632,0
724039081420808192,1
723972167893966848,0
723957355495473152,0
723956432991850498,0
723906843865698306,0
723885342743494659,0
723873688001589249,0
723853244238278656,1
723682291843780608,0
723663455748763649,0
723655961999736833,0
723637770758033409,0
723565939162275840,0
723526822424678400,0
723274222907301888,1
723266899275091969,1
723094439485399040,1
723092613457448960,0
722974716395425793,0
722967703313612802,0
722967660833722369,0
722920297393995776,0
722818508665454593,0
722802795720634368,0
722767517349978112,1
722635529708285952,0
722626421231890432,0
722592772096724997,0
722589315923054592,1
722545371809980417,0
722528613690654724,0
722511721257181184,0
722501079297048576,0
722455189911953409,0
722443916742639617,0
722397728475582465,1
722379509060788224,0
722266479660556289,0
722264735966748672,0
722120138057740288,0
722017428520243201,1
722016321119121409,1
721836860356628482,0
721805701325172736,0
721708342838747136,1
721695114943442946,1
721694330805755904,1
721693297429901312,1
721691854849318912,1
721531225916223488,0
721495328097042432,0
721491758236962816,0
721485578278203397,0
721401779276144640,0
721371631118127104,0
721344559205244928,0
721307257472999424,0
721140843525050369,0
721093904527925249,0
721083678387003396,0
720821603064524800,0
720671808861696003,0
720473496187498496,0
720464540375375873,1
720460065958989827,1
720458178698338304,1
720417893696040960,0
720247344197820416,0
720117231821156352,0
720116836617072641,0
720097594207268864,0
720012484174811136,0
719920610210615296,0
719918725936373761,0
719830679765270528,0
719699403435585537,0
719662034573504517,0
719658640848723968,0
719648132225699840,0
719630850716000257,0
719630780499128320,1
719626295248863232,0
719476340576100353,0
719326834538778625,1
719321288301486081,1
719244517929578496,0
719159990834081794,1
719158083684069376,1
718913705111613440,0
718761006068051968,1
718636301587771392,1
718530443272970240,0
718518072861192192,0
718516815782088704,0
718408900375154688,1
718159369033162752,0
717910383491751936,0
717872274569822208,0
717872177782124545,0
717753959176396801,0
717483825446707200,0
717433113882787840,0
717395599633563648,0
717321031321432064,0
717192412213420032,0
717158349008011264,0
717140417469349888,0
717096171068661761,0
717092823326064640,0
717088318068891648,0
717050067840929792,0
717027537990365186,0
717003103871115267,0
716826069777645568,0
716811670031581185,0
716780878777556994,0
716774329837420544,0
716727859876917248,0
716688097237458945,0
716683752227913728,0
716622947901915136,0
716600252934041601,0
716464023273910273,0
716462678802345984,0
716412682581053440,0
716362367119069185,1
716362171404435458,1
716359318828769280,1
716344003789266944,0
716222480738869248,1
716088246258651136,1
716085112610426880,1
716078699175682053,1
716031548382773248,0
716020373045841920,1
716019755682045952,0
715980291672829953,0
715973328868085761,0
715907761926750208,0
715758039836594176,1
715756428447858688,1
715725628465680386,0
715668280153911296,0
715664091893731329,0
715636703369691136,0
715616148335759360,0
715536209385115649,0
715291320563146752,0
715286909824663552,0
715223526635094016,0
715216002347360256,0
715013260462960642,1
714967208439451650,0
714926538714660866,0
714925079247847424,0
714911110575562753,0
714899439706574848,0
714898756420939780,0
714894618333212675,0
714891184867508224,0
714855791199719424,1
714855025055514624,1
714825845504942080,1
714818473382248448,1
714807977052610569,1
714619931938197504,1
714619106151030784,1
714617467839111173,1
714591260791713792,1
714581379351252996,1
714577392367443970,1
714503667261562880,1
714411420104925184,1
714260201927520256,1
714214633016573953,0
714198237675003904,1
714194279409848320,1
714189569793646597,1
714175472557424640,0
714095595888238592,1
714093135857631232,1
714075020113240066,0
713821835402616833,1
713820823665119232,1
713809729764589568,1
713807872388440069,1
713806176274804736,1
713803130417324032,1
713747213801938946,1
713556905550069761,1
713133907567329285,1
713131098969083904,1
713120275299229697,1
713066424563052544,0
713033155989610496,0
713031504415338497,1
713030660475240448,1
713027407742177280,1
713025973751529472,1
713014127061544961,1
713012045214531584,1
713006944047534081,1
713006012085760001,1
713004219234709505,1
713003045827780609,1
712972000927551488,1
712969068396093440,1
712782227747311616,0
712782227747311616,0
712782227747311616,0
712782227747311616,0
712782227747311616,0
712782227747311616,0
712782227747311616,0
712756995330281473,1
712748982531977216,1
712731263929618433,1
712709458187694080,0
712645789953167360,1
712490195778727936,1
712484978735448065,1
712481536470360064,0
712473816614772736,1
712457104515317764,1
712408960918265857,0
712357600621432832,1
712357352972939265,0
712354185988202496,0
712351366925180929,0
712343435387260928,0
712291375958659072,0
712291375958659072,0
712291375958659072,0
712291375958659072,0
712291375958659072,0
712291375958659072,0
712291375958659072,0
712291134991691777,1
712248639947730944,1
711653804983361536,1
711639836810203142,1
711631122036293632,1
711626493626093573,1
711586556688146434,1
711521532149895168,0
711418254556852224,0
711388380668493824,0
711366483872522240,0
711353589394972674,0
711350170798178304,0
711349494701494272,0
711275596626665472,0
711218418775498752,1
711215886909050881,0
711209847702749184,1
711209246419845120,1
711049674782674947,0
711046719421550592,0
711046009992798208,1
711042337158340608,1
711040837036154880,0
711035814164230145,0
711035391302889472,0
711007773052559360,1
710995683860484097,0
710989203388162050,0
710947686879531008,0
710929239269203968,0
710928532461883392,0
710928141112332288,1
710924053981188096,1
710923287430357001,1
710920670608236544,1
710920172106850304,0
710918088460517376,1
710914741321998336,1
710905631008546816,1
710868991309443072,1
710857360399400960,0
710626092114120708,1
710563892687196160,0
710563892687196160,0
710563892687196160,0
710563892687196160,0
710563892687196160,0
710563892687196160,0
710563892687196160,0
710534544865239040,0
710510524031746052,1
710509591122075648,0
710507173072269314,0
710456179173040128,1
710453513155960834,1
710452858043416577,1
710442630207901696,1
710440524524691456,1
710415602851172352,1
710409594204524544,1
710407581899079680,1
710215733477822465,0
710214487643693058,0
710177855796350977,0
710160479889575938,1
710152303966351361,0
710151964726792192,0
710138547827769344,0
710097701698936835,0
710074677775966208,0
710073634837176320,0
710066971367190528,0
710050536259764226,0
710050169505640448,0
709941293477195776,0
709930663953231873,0
709919330574725124,0
709894230710337536,1
709893334588919808,0
709893235884335106,0
709893207845376004,1
709878592189153280,1
709819253977915392,1
709775232152817664,1
709772129651265540,1
709756933666967555,1
709754445907759105,1
709735250927226880,1
709720456194994176,0
709713295180169216,0
709703632292331522,1
709690378778230785,1
709687052384731136,1
709595310939643905,1
709592458401816577,1
709547482615816192,0
709541660758315009,0
709423812681531392,0
709423676425379841,0
709422865360297984,0
709399753545670656,0
709362309819404289,0
709170599579545600,0
709115011487178756,0
709089928324489216,1
709083187775979521,1
709063220150013952,0
709063098871779328,0
709028677497921537,1
708985532483837953,1
708983126601682944,1
708857632816287744,1
708800227994537984,0
708786643512066048,1
708780035516157952,0
708749781519212544,0
708723421106937857,1
708720448335437824,1
708715949138911232,1
708715781199044609,1
708714849027497984,0
708714838520762369,0
708667676768522240,0
708667676768522240,0
708667676768522240,0
708667676768522240,0
708667676768522240,0
708667676768522240,0
708667676768522240,0
708667476628922369,0
708662621596213250,1
708658225198006273,1
708647560399949825,1
708619775153475584,1
708472737992409090,0
708428041232490496,0
708422379366686721,0
708403542009253889,0
708390521023008769,1
708351381678088192,0
708332792028008448,0
708183163969740800,0
708169684617535489,0
708158581363888128,0
708045086135881728,1
707702633260261377,0
707697346646245376,0
707683931609550848,1
707470040954761216,0
707415229794275330,0
707386022569623552,0
707377544224509952,0
707374051581362176,0
707373529818386434,0
707354724182441984,1
707353658883706880,1
707309366064578564,1
707262742688882688,0
707261100061020162,0
707260748020449280,0
707259809888915457,0
707259515222278146,0
707258582501302272,1
707239753352093696,1
707237490780934144,1
707225317648240640,0
707225317648240640,0
707225317648240640,0
707225317648240640,0
707225317648240640,0
707225317648240640,0
707225317648240640,0
707225181513719808,0
707208682669543425,0
707037002911375360,0
707036759570382849,0
707034934804873216,0
707020422672474112,0
707004752756936704,0
706989946268213248,0
706974796509286400,0
706971409818492929,0
706953562316603392,1
706884676263276544,1
706862721405468672,0
706840633508536320,1
706829345143316480,1
706827555622547456,1
706812638215303168,1
706808780600844288,1
706675395811266560,1
706674352167772160,1
706543741088067584,0
706540601026744321,0
706532975782006784,0
706531628525428744,1
706531291018170369,0
706530975992381441,0
706505531364679680,0
706467532291624960,0
706353772751163392,1
706325441028689921,0
706311590321246209,0
706188719548723200,0
706185780109185024,0
706185049796943873,0
706179933480099840,1
706179514611724288,1
706176828843663360,1
706168204259758080,0
706153159085821952,0
706152400982179845,0
706152166205992960,0
706150457396170753,0
706149793697902592,1
706127055285391361,1
706119343289962496,0
706107571401134080,1
706105503202410496,0
706104797229780993,0
705963367647698944,0
705946245290987520,0
705874162372517888,0
705861265202221056,0
705821213298446337,0
705809043034664961,0
705793784093745153,0
705727745385435136,0
705624889282068480,0
705611414128500736,0
705565746676551680,0
705563410528915457,0
705486546644774912,0
705424888945836032,0
705420338985897984,0
705413209365323776,0
705397628276707328,1
705362027901009921,1
705358901349388289,1
705357122859614209,1
705354682886201348,1
705352657234481152,1
705234524012224512,1
705230846249324544,1
705227593205878784,1
705213112463577088,0
705179512254951424,0
705174403164860416,1
705174362530430976,1
705173204948656129,0
705170546003218432,1
705148300064907265,1
705119106052308992,0
705094976376541184,1
705093158191951872,1
705088689295245312,1
704895509274693632,0
704880376892813312,0
704846146657722368,0
704834185471598592,0
704834141565657088,0
704834059915104256,0
704818842153971712,0
704792956507709440,0
704769025000263682,0
704756216157839360,0
704756216157839360,0
704756216157839360,0
704756216157839360,0
704756216157839360,0
704756216157839360,0
704756216157839360,0
704751567094812672,0
704751393991737345,0
704626119836901376,0
704482268765622272,0
704481336682266624,0
704466049912143872,0
704440884029493248,0
704438057202819072,1
704392435829493764,0
704379918222696449,0
704339457974132736,0
704332561296855040,0
704312346706124800,0
704285794643668992,0
704284013461180416,0
704111284095225856,0
704100078743625729,0
704064261413273601,0
704062727082385409,0
704026393865265156,0
704023054813433856,0
704019808363352069,0
704014599708876800,0
704001490759725058,1
704000708236996608,0
704000092840325120,1
703996959544250373,0
703984812105793536,1
703976101073309697,0
703974892237135873,1
703927132339216384,0
703923471391264768,1
703917643930210304,1
703915198864887810,1
703904675289042945,1
703777173296046080,0
703764924288409600,0
703715567765737472,0
703711236865720320,0
703691273455034369,1
703628555658264576,1
703612722991075328,1
703611696233852929,1
703607992424345602,1
703601762876305409,1
703600613897023488,1
703598661419167744,1
703567344212160512,1
703446072216014848,0
703401239266996225,0
703332298821775360,0
703326546686115840,0
703325481265815553,0
703321647701307392,1
703257866820415488,1
703252552641478656,0
703252241487036417,1
703251956198875138,1
703250152744550400,1
703230455546404864,1
703218582310641667,1
703217073724399616,0
703111149764489216,0
703110934869336065,0
703110347356409856,0
703109705900535808,0
703099408271822849,0
703095453496188929,0
703092155577831424,1
702980499388669953,0
702953023736250369,1
702930575083106304,1
702913398154125312,0
702911293813080065,0
702897056181055493,0
702896239520645121,0
702894623761498112,0
702833969537142788,1
702706412980453380,0
702679486496706564,0
702671227048075264,0
702661309532409861,0
702641468398292994,1
702640425623003136,1
702635699594469377,1
702632410341576704,1
702608081314816000,1
702561529447763968,0
702560558269202433,1
702542084776001537,0
702539414224936960,0
702526610646429696,1
702525836948336641,1
702519153446400000,1
702484363695370241,0
702378896621236224,0
702367612232142848,0
702312059690622976,1
702311041762332672,0
702310109100126208,0
702308297886400513,0
702270277560852480,0
702268900562448384,1
702194423048699905,1
702180291448680448,1
702178985430503424,1
702172591813857280,0
702157754283130884,1
702149896325890048,1
702147760926011393,1
702141081027104769,1
702140146343280640,1
701999802033111040,0
701977550315098113,0
701957484328583168,1
701956476571512832,1
701954385404760064,0
701945579333513216,0
701944029315923968,0
701943239054532608,0
701941907052634112,0
701941803327426560,1
701940652339122176,0
701924334621716480,1
701876939095543808,1
701875717504536576,1
701872910764343296,1
701871659150548993,1
701870081827966976,1
701868541545295872,1
701842514760724480,0
701801713385115648,1
701779181986680832,1
701762526158061568,1
701750410621497345,1
701743902093504512,1
701558980682891266,0
701437415047700482,1
701435508283588608,0
701374019644366848,1
701369894479273984,0
701363192669331456,1
701240216745603073,1
701196121759068160,1
701098843635580928,1
701089616825159680,1
701084443889381377,1
701078699118989312,0
701066624800059393,1
701043432354095108,1
700799986104029184,0
700799986104029184,0
700799986104029184,0
700799986104029184,0
700799986104029184,0
700799986104029184,0
700799986104029184,0
700799329620140033,0
700796528844103680,1
700795257181437954,0
700795170023825408,1
700784408870182913,0
700784179076853761,0
700779489907892225,0
700779226715316224,0
700779139985440769,0
700779018405150722,0
700755931420823553,0
700754883125886976,0
700472856350691329,0
700471960526987265,0
700413494580084738,0
700413065595113473,0
700381146392195074,0
700321698780991488,1
700320270620454912,1
700311461734850560,0
700310777681592320,0
700306531720499201,0
700295391842058240,1
700280013107523584,1
700271935276634113,1
700269643789955074,1
700096775454138368,0
699995449718153217,0
699994606264586242,0
699992347115982848,0
699989532180135936,1
699989306333650944,1
699968804311470080,1
699966633918525441,1
699966498819940353,1
699913243251339265,1
699805136038846464,1
699801607177945088,1
699793608963198978,1
699791469532594177,1
699733970158800898,0
699728584575946754,0
699702258792034304,0
699659811420553217,0
699654401481449472,0
699573221633425408,0
699554325622886400,1
699546805143523328,1
699447731606130688,0
699441442041815040,0
699341413448871936,0
699328126631870465,0
699284455282884612,0
699283248506105856,0
699283203027292161,1
699232824990285824,1
699230466130513921,1
699207531118383105,1
699187712553807872,1
698990680719360000,1
698977598844637185,1
698976776115130369,1
698973988891009024,1
698921597466472448,0
698882145297764353,0
698882048069652480,0
698853277706784772,1
698303565232623616,0
698219929762398209,1
698205519383646208,0
698179564107886592,1
697051619427397633,0
697051619427397633,0
697051619427397633,0
697051619427397633,0
697051619427397633,0
697051619427397633,0
697051619427397633,0
695707547395891202,0
695650797615521792,0
694611948940443648,1
694607450750717952,0
694606525835431936,0
694603879330287616,0
694602643201744900,0
694601530650050560,0
694600151894212608,0
692794133124116480,0
692054432905850884,1
692045676079874048,0
691727819039227904,0
691686778349187072,0
691664806374436864,0
686996181268983810,0
785306429250998272,0
785305058757971968,0
785304300364922880,0
785303987700527104,0
785302681560748033,0
785301685157695492,0
785300814051041281,0
785300490716348416,0
785296681847906306,0
785295100674998272,0
785293229390454784,0
785292623623905280,0
785291804816052225,0
785290904093491200,0
785260151099961345,0
952166927476183040,1
948739073237311488,0
948739073237311488,0
948739073237311488,0
948739073237311488,0
948739073237311488,0
948739073237311488,0
948739073237311488,0
938422792080457731,0
938422792080457731,0
938422792080457731,0
938422792080457731,0
938422792080457731,0
938422792080457731,0
938422792080457731,0
933662564587855877,0
933662564587855877,0
933662564587855877,0
933662564587855877,0
933662564587855877,0
933662564587855877,0
933662564587855877,0
897799882802704385,0
897799882802704385,0
897799882802704385,0
897799882802704385,0
897799882802704385,0
897799882802704385,0
897799882802704385,0
878725385235701761,0
878725385235701761,0
878725385235701761,0
878725385235701761,0
878725385235701761,0
878725385235701761,0
878725385235701761,0
870445001125355522,0
870445001125355522,0
870445001125355522,0
870445001125355522,0
870445001125355522,0
870445001125355522,0
870445001125355522,0
827885966509604865,0
827885966509604865,0
827885966509604865,0
827885966509604865,0
827885966509604865,0
827885966509604865,0
827885966509604865,0
